{
	"domainStrategy": "IPIfNonMatch",
	"rules": [
		{
			"type": "field",
			"outboundTag": "block",
			"ip": [
				"geoip:private"
			]
		},
		{
			"type": "field",
			"outboundTag": "block",
			"domain" : [
				"geosite:falungong"
			]
		},
		{
			"type": "field",
			"outboundTag": "warp_out",
			"protocol": [
				"bittorrent"
			]
		},
		{
			"type": "field",
			"outboundTag": "IPv4_out",
			"domain": [
				"domain:www.google.com",
				"domain:googleapis.com",
				"domain:www.gstatic.com",
				"domain:google.co.jp"
			]
		},
		{
			"type": "field",
			"outboundTag": "IPv4_out",
			"ip": [
				"geoip:telegram",
				"geoip:cloudflare"
			]
		},
		{
			"type": "field",
			"outboundTag": "IPv4_out",
			"port": "53,80,8080,443",
			"network": "tcp,udp"	
			
		}
	]
}